0,CombatZoneResize,210,171,430,391,TLResume,,,
0,HeartTeleport,320,377,,,,,,
0,HeartMode,1,,,,,,,
0,TLPause,,,,,,,,
0,Platform2Repeat,375,400,50,3,80,20,100,
0,Platform2Repeat,215,400,50,3,80,20,100,
0,BoneVRepeat,420,360,50,2,100,80,15,
0,BoneVRepeat,220,152,50,0,100,80,15,
0,Platform2Repeat,295,150,50,1,100,15,100,
0,SET,Loop,5,,,,,,
0,JMPZ,29,$Loop,,,,,,
0,SUB,Loop,$Loop,1,,,,,
0,RND,Direction,3,,,,,,
0,ADD,Jump,$Direction,1,,,,,
0,JMPREL,$Jump,,,,,,,
0,JMPREL,4,,,,,,,
0,JMPREL,5,,,,,,,
0,JMPREL,6,,,,,,,
,,,,,,,,,
0,GasterBlaster,1,320,0,320,120,90,1,0.1
0,JMPREL,7,,,,,,,
0,GasterBlaster,1,400,0,400,120,90,1,0.1
0,JMPREL,5,,,,,,,
0,GasterBlaster,1,240,0,240,120,90,1,0.1
0,JMPREL,3,,,,,,,
,,,,,,,,,
,,,,,,,,,
1.5,JMPABS,11,,,,,,,
1.5,Endattack,,,,,,,,
