0,CombatZoneResize,252,201,388,391,TLResume,
0,HeartTeleport,320,296,,,,
0,HeartMode,0,,,,,
0,TLPause,,,,,,
0.2,BoneH,258,180,124,1,230,1
0,BoneH,258,100,62,1,230,
0.8,BoneH,258,180,124,1,230,1
0,BoneH,320,100,62,1,230,
0.8,BoneH,258,180,124,1,230,1
0,BoneH,258,100,62,1,230,
,,,,,,,
,,,,,,,
1.3,BoneH,258,410,62,3,230,
0,BoneH,258,490,124,3,230,1
0.8,BoneH,320,410,62,3,230,
0,BoneH,258,490,124,3,230,1
0.8,BoneH,258,410,62,3,230,
0,BoneH,258,490,124,3,230,1
,,,,,,,
1.6,Endattack,,,,,,
