0,CombatZoneResize,121,186,526,391,TLResume,,,
0,HeartTeleport,320,304,,,,,,
0,HeartMode,0,,,,,,,
0,TLPause,,,,,,,,
0.5,SET,Loop,10,,,,,,
0,SUB,Loop,$Loop,1,,,,,
0,RND3,HU,1,90,,,,,
0,SET,Ang,$HU,,,,,,
0,SET,Loop2,4,,,,,,
0,SUB,Loop2,$Loop2,1,,,,,
0,SIN,X,$Ang,,,,,,
0,COS,Y,$Ang,,,,,,
0,MUL,X2,$X,120,,,,,
0,MUL,Y2,$Y,120,,,,,
0,MUL,X1,$X,640,,,,,
0,MUL,Y1,$Y,640,,,,,
0,GetHeartPos,HeartX,HeartY,,,,,,
0,ADD,X2,$X2,$HeartX,,,,,
0,ADD,Y2,$Y2,$HeartY,,,,,
0,ADD,X1,$X1,$HeartX,,,,,
0,ADD,Y1,$Y1,$HeartY,,,,,
0,ANGLE,Ang2,$X2,$Y2,$HeartX,$HeartY,,,
0,GasterBlaster,0,$X1,$Y1,$X2,$Y2,$Ang2,0.8,0
0,ADD,Ang,$Ang,90,,,,,
0,JMPNZ,10,$Loop2,,,,,,
0.8,JMPNZ,6,$Loop,,,,,,
1,EndAttack,,,,,,,,
