0,CombatZoneResize,242,237,398,391,TLResume,,,,,,
0,HeartTeleport,320,314,,,,,,,,,
0,HeartMode,0,,,,,,,,,,
0,TLPause,,,,,,,,,,,
0,SET,Loop,5,,,,,,,,,
0,JMPZ,43,$Loop,,,,,,,,,
0,SUB,Loop,$Loop,1,,,,,,,,
,,,,,,,,,,,,
0,RND2,a,-40,40,,,,,,,,
0,SET,B,60,,,,,,,,,
0,ADD,A2,$B,$a,,,,,,,,
0,SUB,A3,$B,$a,,,,,,,,
0,SET,C,332,,,,,,,,,
0,ADD,C1,$C,$a,,,,,,,,
,,,,,,,,,,,,332
0,BoneH,248,214,$A2,1,150,1,,,,,248
0,BoneH,$C1,214,$A3,1,150,1,,,,,
0,BoneH,248,401,$A2,3,150,1,,,,,
0,BoneH,$C1,401,$A3,3,150,1,,,,24,
,,,,,,,,,,,144,
0,RND2,a11,-40,40,,,,,,,214,
0,SET,B11,60,,,,,,,,,
0,ADD,A211,$B11,$a11,,,,,,,,
0,SUB,A311,$B11,$a11,,,,,,,,
0,SET,C11,325,,,,,,,,,
0,ADD,C111,$C11,$a11,,,,,,,,
,,,,,,,,,,,,
0,BoneV,407,243,$A211,2,150,1,,,,,
0,BoneV,407,$C111,$A311,2,150,1,,,,,
0,BoneV,220,243,$A211,0,150,1,,,,,
0,BoneV,220,$C111,$A311,0,150,1,,,,,
,,,,,,,,,,,,
1,BoneH,248,214,$A2,1,230,,,,,,
0,BoneH,$C1,214,$A3,1,230,,,,,,
0,BoneH,248,401,$A2,3,230,,,,,,
0,BoneH,$C1,401,$A3,3,230,,,,,,
0,BoneV,407,243,$A211,2,230,,,,,,
0,BoneV,407,$C111,$A311,2,230,,,,,,
0,BoneV,220,243,$A211,0,230,,,,,,
0,BoneV,220,$C111,$A311,0,230,,,,,,
,,,,,,,,,,,,
1,JMPABS,6,,,,,,,,,,
0,Endattack,,,,,,,,,,,
