0,CombatZoneResize,241,226,406,391,TLResume,
0,HeartTeleport,320,308,,,,
0,HeartMode,0,,,,,
0,TLPause,,,,,,
0,SET,Loop,7,,,,
0,JMPZ,26,$Loop,,,,
0,SUB,Loop,$Loop,1,,,
0,RND,Direction,2,,,,
0,ADD,Jump,$Direction,1,,,
0,JMPREL,$Jump,,,,,
0,JMPREL,4,,,,,
0,JMPREL,8,,,,,
,,,,,,,
,,,,,,,
0,SansBody,HandRight,,,,,
0,BoneStabComL,,,,,,
0.2,BoneStab,2,60,0.4,0.2,,15
0.7,BoneStabComL2,,,,,,
0.6,JMPABS,6,,,,,
0,SansBody,HandLeft,,,,,
0,BoneStabCom,,,,,,
0.2,BoneStab,0,60,0.4,0.2,,15
0.7,BoneStabCom2,,,,,,
0.6,JMPABS,6,,,,,
,,,,,,,
0,Endattack,,,,,,
