0,CombatZoneResize,133,251,508,391,TLResume,,
0,HeartTeleport,320,321,,,,,
0,HeartMode,0,,,,,,
0,TLPause,,,,,,,
0.2,BoneVRepeat,128,257,55,0,200,6,220
0,BoneVRepeat,128,330,55,0,200,6,220
0,BoneVRepeat,503,257,55,2,200,6,220
0,BoneVRepeat,503,330,55,2,200,6,220
,,,,,,,,
0,BoneVRepeat,18,257,25,0,200,3,440
0,BoneVRepeat,18,300,85,0,200,3,440
0,BoneVRepeat,613,257,25,2,200,3,440
0,BoneVRepeat,613,300,85,2,200,3,440
,,,,,,,,
0,BoneVRepeat,-202,257,85,0,200,2,440
0,BoneVRepeat,-202,360,25,0,200,2,440
0,BoneVRepeat,833,257,85,2,200,2,440
0,BoneVRepeat,833,360,25,2,200,2,440
,,,,,,,,
,,,,,,,,
,,,,,,,,
,,,,,,,,
,,,,,,,,
,,,,,,,,
8,EndAttack,,,,,,,
