0,CombatZoneResize,241,226,406,391,TLResume,,,,,,,
0,HeartTeleport,320,308,,,,,,,,,,
0,HeartMode,0,,,,,,,,,,,
0,TLPause,,,,,,,,,,,,
0,LB1,,,,,,,,,,,,
0,SET,Loop,4,,,,,,,,,,
0,JMPZ,29,$Loop,,,,,,,,,,
0,SUB,Loop,$Loop,1,,,,,,,,,
0,BlackScreen,1,,,,,,,,,,,
0,Sound,Flash,,,,,,,,,,,
0,SansRandomX,,,,,,,,,,,,
0.1,BlackScreen,0,,,,,,,,,,,
0,Sound,Flash,,,,,,,,,,,
0,CombatZoneResizeInstant,241,226,406,391,,,,,,,,
0,HeartTeleport,320,308,,,,,,,,,,
0,RND,Direction,2,,,,,,,,,,
0,ADD,Jump,$Direction,1,,,,,,,,,
0,JMPREL,$Jump,,,,,,,,,,,
0,JMPREL,2,,,,,,,,,,,
0,JMPREL,5,,,,,,,,,,,
0,SansBody,HandRight,,,,,,,,,,,
0,BoneStabComL,,,,,,,,,,,,
0.2,BoneStab,2,60,0.35,0.2,,15,,,,,,
0.5,JMPABS,7,,,,,,,,,,,
0,SansBody,HandLeft,,,,,,,,,,,
0,BoneStabCom,,,,,,,,,,,,
0.2,BoneStab,0,60,0.35,0.2,,15,,,,,,
0.5,JMPABS,7,,,,,,,,,,,
0,BlackScreen,1,,,,,,,,,,,
0,Sound,Flash,,,,,,,,,,,
0.1,BlackScreen,0,,,,,,,,,,,
0,Sound,Flash,,,,,,,,,,,
0,SansX,485,,,,,,,,,,,
0,CombatZoneResizeInstant,245,241,395,391,,,,,,,,
0,HeartTeleport,320,316,,,,,,,,,,
0,HeartMode,0,,,,,,,,,,,
0,SansBody,HandDown,,,,,,,,,,,
0,SansSlam,1,,,,,,,,,,,
0.15,DOG,220,343,0,280,1.2,,,,,,,
0,DOG,420,343,2,280,1.2,,,,,,,
0.3,SansBody,HandUp,,,,,,,,,,,
0.17,HeartMaxFallSpeed,500,,,,,,,,,,,
0,SansSlam,3,,,,,,,,,,,
0,CombatZoneResizeInstant,245,241,395,391,,,,,,,,
0,CombatZoneSpeed,900,,,,,,,,,,,
0,CombatZoneResize,245,-10,395,391,,,,,,,,
0.3,HeartMaxFallSpeed,-150,,,,,,,,,,,
0,SansRepeat,,,,,,,,,,,,
0,CombatZoneResize,245,-10,395,490,,,,,,,,
0.26,CombatZoneSpeed,16,,,,,,,,,,,
0,CombatZoneResize,255,-10,385,490,,,,,,,,
0,FINALY,,,,,,,,,,,,
0,HeartMaxFallSpeed,0,,,,,,,,,,,
,,,,,,,,,,,,,
0,SET,X,339,,,,,,,,,,
0,SET,N,40,,,,,,,,,,
0,SET,I,0,,,,,,,,,,
0,SET,Y,-700,,,,,,,,,,
0,BoneH,261,$Y,$N,1,990,,,,,,,
0,BoneH,$X,$Y,$N,1,990,,,,,,,
0,ADD,I,$I,1,,,,,,,,,
0,SUB,N,$N,1,,,,,,,,,
0,ADD,X,$X,1,,,,,,,,,
0,SUB,Y,$Y,30,,,,,,,,,
0,JMPL,59,$I,24,,,,,,,,,
,,,,,,,,,,,,,
0,BoneHRepeat,261,-1800,59,1,990,4,600,,,,,
0,BoneHRepeat,261,-1815,59,1,990,4,600,,,,,
0,BoneHRepeat,261,-1830,59,1,990,4,600,,,,,
0,BoneHRepeat,320,-2100,59,1,990,4,600,,,,,
0,BoneHRepeat,320,-2115,59,1,990,4,600,,,,,
0,BoneHRepeat,320,-2130,59,1,990,4,600,,,,,
,,,,,,,,,,,,,
0,SineBones2,44,-60,900,39,34,,275,-4000,255,385,,
,,,,,,,,,,,,,
8,HeartMaxFallSpeed,300,,,,,,,,,,,
0,SansSlam,3,,,,,,,,,,,
0,CombatZoneSpeed,540,,,,,,,,,,,
0,CombatZoneResize,255,150,385,490,,,,,,,,
0.8,SansEndRepeat,,,,,,,,,,,,
0,SansHead,Default,,,,,,,,,,,
0,SansTorso,Default,,,,,,,,,,,
0,SansBody,HandDown,,,,,,,,,,,
0.2,BoneStab,3,50,0.4,1,,15,,,,,,
0.9,BlackScreen,1,,,,,,,,,,,
0,Sound,Flash,,,,,,,,,,,
0,SansAnimation,“”,,,,,,,,,,,
0,LB2,,,,,,,,,,,,
0,ITIRESET,,,,,,,,,,,,
0.4,BlackScreen,0,,,,,,,,,,,
0,Sound,Flash,,,,,,,,,,,
0,CombatZoneResizeInstant,245,241,395,391,,,,,,,,
0,HeartTeleport,0,316,,,,,,,,,,
0,BoneStab,0,48,0.6,1,,15,,,,,,
0,BoneStab,2,48,0.6,1,,15,,,,,,
0,SansSlam,2,,,,,,,,,,,
0.9,BlackScreen,1,,,,,,,,,,,
0,Sound,Flash,,,,,,,,,,,
0.1,BlackScreen,0,,,,,,,,,,,
0,Sound,Flash,,,,,,,,,,,
0,HeartTeleport,800,800,,,,,,,,,,
0,BoneStab,1,48,0.6,1,,15,,,,,,
0,BoneStab,0,48,0.6,1,,15,,,,,,
0,SansSlam,1,,,,,,,,,,,
0.9,BlackScreen,1,,,,,,,,,,,
0,Sound,Flash,,,,,,,,,,,
0.1,BlackScreen,0,,,,,,,,,,,
0,Sound,Flash,,,,,,,,,,,
0,HeartTeleport,0,0,,,,,,,,,,
0,BoneStab,3,48,0.6,1,,15,,,,,,
0,BoneStab,2,48,0.6,1,,15,,,,,,
0,SansSlam,2,,,,,,,,,,,
0.9,BlackScreen,1,,,,,,,,,,,
0,Sound,Flash,,,,,,,,,,,
0,SansAnimation,Tired,,,,,,,,,,,
0,SansX,320,,,,,,,,,,,
0.1,BlackScreen,0,,,,,,,,,,,
0,Sound,Flash,,,,,,,,,,,
0,HeartTeleport,320,500,,,,,,,,,,
0,SansSlam,1,,,,,,,,,,,
0,BoneStab,1,48,0.6,0.5,,15,,,,,,
1.3,CombatZoneSpeed,100,,,,,,,,,,,
0,CombatZoneResize,195,241,445,391,,,,,,,,
0,DOGYUM2,450,362,2,160,,,,,,,,
0,COOlBone,670,386,2,160,,,,,,,,
0,COOlBone,900,386,2,160,1,,,,,,,
0,COOlBone,1080,386,2,150,2,,,,,,,
0,FINALBone1,1400,386,2,150,,,,,,,,
0,FINALBone1,1460,386,2,150,,,,,,,,
0,FINALBone1,1520,386,2,150,,,,,,,,
0,FINALBone1,1580,386,2,150,,,,,,,,
0,FINALBone1,1620,386,2,150,,,,,,,,
0,FINALBone1,1680,386,2,150,,,,,,,,
0,FINALBone1,1740,386,2,150,,,,,,,,
0,FINALBone1,1800,386,2,150,,,,,,,,
0,FINALBone1,1860,386,2,150,,,,,,,,
0,FINALBone1,1920,386,2,150,1,,,,,,,
0,LB1,,,,,,,,,,,,
12.5,CombatZoneSpeed,300,,,,,,,,,,,
0,CombatZoneResize,195,241,445,391,,,,,,,,
0.5,SET,X,460,,,,,,,,,,
0,MusicFade,,,,,,,,,,,,
0,SansHead,Closedeyes,,,,,,,,,,,138
0,SET,Loop,35,,,,,,,,,,
0,SET,Speed,200,,,,,,,,,,
0,SET,Y,247,,,,,,,,,,
0,SET,W,138,,,,,,,,,,
0,SUB,Loop,$Loop,1,,,,,,,,,
0,RND2,A,-100,50,,,,,,,,,
0,ADD,Speed,$Speed,$A,,,,,,,,,
0,RND2,A,0,100,,,,,,,,,
0,SUB,W,$W,$A,,,,,,,,,
0,RND,Direction,2,,,,,,,,,,
0,ADD,Jump,$Direction,1,,,,,,,,,
0,JMPREL,$Jump,,,,,,,,,,,
0,JMPREL,2,,,,,,,,,,,
0,JMPREL,4,,,,,,,,,,,
0,BoneV,$X,247,$W,2,$Speed,1,,,,,,
0,ADD,X,$X,30,,,,,,,,,
0,JMPNZ,145,$Loop,,,,,,,,,,
0,SUB,A,138,$W,,,,,,,,,
0,ADD,Y,$Y,$A,,,,,,,,,
0,BoneV,$X,$Y,$W,2,$Speed,1,,,,,,
0,ADD,X,$X,20,,,,,,,,,
0,JMPNZ,145,$Loop,,,,,,,,,,
,,,,,,,,,,,,,
6,HitAttempt23#4,,,,,,,,,,,,
