0,CombatZoneResize,112,231,548,391,TLResume,,,,
0,HeartMode,1,,,,,,,,
0,TLPause,,,,,,,,,
0,Platforms4,,,,,,,,,
0,Platform2,305,336,50,0,0,1,1,,
0,HeartTeleport,330,327,,,,,,,
0,BoneVRepeat,528,366,40,0,60,60,15,,
,,,,,,,,,,
0,BoneVRepeat,560,331,40,3,90,11,85,,1
0,BoneVRepeat,650,331,40,1,120,13,95,,1
0,BoneVRepeat,740,331,40,3,90,11,85,,1
0,BoneVRepeat,-183,331,40,3,90,11,85,,2
0,BoneVRepeat,-273,331,40,1,120,13,95,,2
0,BoneVRepeat,-363,331,40,3,90,11,85,,2
,,,,,,,,,,
7.6,EndAttack,,,,,,,,,
