0,HeartTeleport,320,320,,,,,,
0,SoulMovement,1,,,,,,,
0.1,SET,Loop,5,,,,,,
0,:RndAttack,,,,,,,,
0,BlackScreen,1,,,,,,,
0,Sound,Flash,,,,,,,
0.13333,BlackScreen,0,,,,,,,
0,SoulMovement,0,,,,,,,
0,Sound,Flash,,,,,,,
0,JMPZ,End,$Loop,,,,,,
0,SUB,Loop,$Loop,1,,,,,
0,RND,Jump,9,,,,,,
0,ADD,Jump,$Jump,1,,,,,
0,JMPREL,$Jump,,,,,,,
0,JMPABS,Attack0,,,,,,,
0,JMPABS,Attack1,,,,,,,
0,JMPABS,Attack2,,,,,,,
0,JMPABS,Attack3,,,,,,,
0,JMPABS,Attack4,,,,,,,
0,JMPABS,Attack5,,,,,,,
0,JMPABS,Attack6,,,,,,,
0,JMPABS,Attack7,,,,,,,
0,JMPABS,Attack8,,,,,,,
0,JMPABS,Attack0i,,,,,,,
0,JMPABS,Attack1i,,,,,,,
0,JMPABS,Attack2i,,,,,,,
0,JMPABS,Attack3i,,,,,,,
0,JMPABS,Attack4i,,,,,,,
0,JMPABS,Attack5i,,,,,,,
0,JMPABS,Attack6i,,,,,,,
0,JMPABS,Attack7i,,,,,,,
0,JMPABS,Attack8i,,,,,,,
0,:Attack0,,,,,,,,
0,SansRandomX,,,,,,,,
0,CombatZoneResizeInstant,120,276,520,391,,,,
0,HeartMode,1,,,,,,,
0,HeartTeleport,320,377,,,,,,
0,BoneVRepeat,20,361,25,0,380,10,32,
0,BoneV,220,286,100,0,240,1,,
0,BoneVRepeat,607,361,25,2,380,10,32,
0,BoneV,407,286,100,2,240,1,,
0.9,JMPABS,RndAttack,,,,,,,
0,:Attack0i,,,,,,,,
0,SansRandomX,,,,,,,,
0,CombatZoneResizeInstant,120,276,520,391,,,,
0,HeartMode,1,,,,,,,
0,HeartTeleport,320,377,,,,,,
0,BoneVRepeat,20,361,25,0,380,15,32,
0,BoneV,220,286,100,0,240,1,,
0,BoneVRepeat,607,361,25,2,380,15,32,
0,BoneV,407,286,100,2,240,1,,
0,Dog2,100,193,0,200,,,,
0,Dog2,540,193,2,200,,,,
1.2,JMPABS,RndAttack,,,,,,,
0,:Attack1,,,,,,,,
0,SansRandomX,,,,,,,,
0,CombatZoneResizeInstant,120,276,520,391,,,,
0,HeartMode,1,,,,,,,
0,HeartTeleport,320,377,,,,,,
0,BoneV,114,283,80,0,240,0,,
0,BoneV,42,366,20,0,240,0,,
0,BoneV,10,346,40,0,240,0,,
0,BoneV,-22,326,60,0,240,0,,
0,BoneVRepeat,-54,286,100,0,240,2,32,
0,BoneV,512,283,80,2,240,0,,
0,BoneV,584,366,20,2,240,0,,
0,BoneV,616,346,40,2,240,0,,
0,BoneV,648,326,60,2,240,0,,
0,BoneVRepeat,680,286,100,2,240,2,32,
1.45,JMPABS,RndAttack,,,,,,,
0,:Attack1i,,,,,,,,
0,SansRandomX,,,,,,,,
0,CombatZoneResizeInstant,120,276,520,391,,,,
0,HeartMode,1,,,,,,,
0,HeartTeleport,320,377,,,,,,
0,DOG,169,350,0,230,,,,
0,BoneV,42,326,60,0,290,0,,
0,BoneV,10,336,50,0,290,0,,
0,BoneV,-22,346,40,0,290,0,,
0,BoneVRepeat,-54,286,100,0,290,2,32,
0,DOG,467,350,2,230,,,,
0,BoneV,584,326,60,2,290,0,,
0,BoneV,616,336,50,2,290,0,,
0,BoneV,648,346,40,2,290,0,,
0,BoneVRepeat,680,286,100,2,290,2,32,
1.2,JMPABS,RndAttack,,,,,,,
0,:Attack2,,,,,,,,
0,SansRandomX,,,,,,,,
0,CombatZoneResizeInstant,263,275,377,391,,,,
0,HeartMode,0,,,,,,,
0,HeartTeleport,320,332,,,,,,
0,RND2,a,-30,30,,,,,
0,SET,B,42,,,,,,
0,ADD,A2,$B,$a,,,,,
0,SUB,A3,$B,$a,,,,,
0,SET,C,329,,,,,,
0,ADD,C1,$C,$a,,,,,
0,BoneH,269,268,$A2,1,180,1,,
0,BoneH,$C1,268,$A3,1,180,1,,
0,BoneH,269,382,$A2,3,180,1,,
0,BoneH,$C1,382,$A3,3,180,1,,
0,RND2,a11,-30,30,,,,,
0,SET,B11,42,,,,,,
0,ADD,A211,$B11,$a11,,,,,
0,SUB,A311,$B11,$a11,,,,,
0,SET,C11,343,,,,,,
0,ADD,C111,$C11,$a11,,,,,
0,BoneV,370,281,$A211,2,180,1,,
0,BoneV,370,$C111,$A311,2,180,1,,
0,BoneV,256,281,$A211,0,180,1,,
0,BoneV,256,$C111,$A311,0,180,1,,
0.8,BoneH,269,268,$A2,1,250,,,
0,BoneH,$C1,268,$A3,1,250,,,
0,BoneH,269,382,$A2,3,250,,,
0,BoneH,$C1,382,$A3,3,250,,,
0,BoneV,370,281,$A211,2,250,,,
0,BoneV,370,$C111,$A311,2,250,,,
0,BoneV,256,281,$A211,0,250,,,
0,BoneV,256,$C111,$A311,0,250,,,
0.5,JMPABS,RndAttack,,,,,,,
0,:Attack2i,,,,,,,,
0,RND2,DOG,270,325,,,,,
0,Dogsleep,$DOG,260,2,,,,,
0,SansRandomX,,,,,,,,
0,CombatZoneResizeInstant,263,275,377,391,,,,
0,HeartMode,0,,,,,,,
0,HeartTeleport,320,332,,,,,,
0,RND2,a,-30,30,,,,,
0,SET,B,42,,,,,,
0,ADD,A2,$B,$a,,,,,
0,SUB,A3,$B,$a,,,,,
0,SET,C,329,,,,,,
0,ADD,C1,$C,$a,,,,,
0,BoneH,269,268,$A2,1,180,1,,
0,BoneH,$C1,268,$A3,1,180,1,,
0,BoneH,269,382,$A2,3,180,1,,
0,BoneH,$C1,382,$A3,3,180,1,,
0,RND2,a11,-30,30,,,,,
0,SET,B11,42,,,,,,
0,ADD,A211,$B11,$a11,,,,,
0,SUB,A311,$B11,$a11,,,,,
0,SET,C11,343,,,,,,
0,ADD,C111,$C11,$a11,,,,,
0,BoneV,370,281,$A211,2,180,1,,
0,BoneV,370,$C111,$A311,2,180,1,,
0,BoneV,256,281,$A211,0,180,1,,
0,BoneV,256,$C111,$A311,0,180,1,,
0.8,BoneH,269,268,$A2,1,250,,,
0,BoneH,$C1,268,$A3,1,250,,,
0,BoneH,269,382,$A2,3,250,,,
0,BoneH,$C1,382,$A3,3,250,,,
0,BoneV,370,281,$A211,2,250,,,
0,BoneV,370,$C111,$A311,2,250,,,
0,BoneV,256,281,$A211,0,250,,,
0,BoneV,256,$C111,$A311,0,250,,,
0.5,JMPABS,RndAttack,,,,,,,
0,:Attack3,,,,,,,,
0,SansRandomX,,,,,,,,
0,CombatZoneResizeInstant,120,276,520,391,,,,
0,HeartMode,0,,,,,,,
0,HeartTeleport,320,333,,,,,,
0,BoneVRepeat,206,282,42,0,260,2,230,
0,BoneVRepeat,206,343,42,0,260,2,230,
0,BoneVRepeat,420,282,42,2,260,2,230,
0,BoneVRepeat,420,343,42,2,260,2,230,
0,RND,A,2,,,,,,
0,ADD,A,$A,1,,,,,
0,JMPREL,$A,,,,,,,
0,JMPABS,171,,,,,,,
0,JMPABS,176,,,,,,,
0,BoneVRepeat,91,282,62,0,260,1,460,
0,BoneVRepeat,91,363,22,0,260,1,460,
0,BoneVRepeat,535,282,62,2,260,1,460,
0,BoneVRepeat,535,363,22,2,260,1,460,
0,JMPABS,181,,,,,,,
0,BoneVRepeat,91,282,22,0,260,1,460,
0,BoneVRepeat,91,323,62,0,260,1,460,
0,BoneVRepeat,535,282,22,2,260,1,460,
0,BoneVRepeat,535,323,62,2,260,1,460,
0,JMPABS,181,,,,,,,
0,BoneVRepeat,-149,282,51,0,260,1,460,
0,BoneVRepeat,-149,334,51,0,260,1,460,
0,BoneVRepeat,775,282,51,2,260,1,460,
0,BoneVRepeat,775,334,51,2,260,1,460,
1.7,JMPABS,RndAttack,,,,,,,
0,:Attack3i,,,,,,,,
0,SansRandomX,,,,,,,,
0,CombatZoneResizeInstant,120,276,520,391,,,,
0,HeartMode,0,,,,,,,
0,HeartTeleport,320,333,,,,,,
0,BoneVRepeat,206,282,42,0,260,2,115,
0,BoneVRepeat,206,343,42,0,260,2,115,
0,BoneVRepeat,420,282,42,2,260,2,115,
0,BoneVRepeat,420,343,42,2,260,2,115,
0,BoneVRepeat,-24,282,51,0,260,1,460,
0,BoneVRepeat,-24,334,51,0,260,1,460,
0,BoneVRepeat,650,282,51,2,260,1,460,
0,BoneVRepeat,650,334,51,2,260,1,460,
0,DOGSleep,220,370,0,,0.7,,,
0,DOGSleep,420,370,1,,0.7,,,
1.23,JMPABS,RndAttack,,,,,,,
0,:Attack4,,,,,,,,
0,SansRandomX,,,,,,,,
0,CombatZoneResizeInstant,120,276,526,391,,,,120
0,HeartMode,0,,,,,,,
0,RND,Side,2,,,,,,
0,JMPZ,Attack4Other,$Side,,,,,,
0,HeartTeleport,506,352,,,,,,
0,BoneVRepeat,490,371,15,0,400,16,24,
0,BoneVRepeat,106,333,53,0,400,10,24,
0,BoneVRepeat,143,281,15,2,400,16,24,
0,BoneVRepeat,527,281,53,2,400,10,24,
0,BoneVRepeat,-134,371,15,0,400,16,24,
0,BoneVRepeat,767,281,15,2,400,16,24,
1.3,JMPABS,RndAttack,,,,,,,
0,:Attack4Other,,,,,,,,
0,HeartTeleport,149,352,,,,,,
0,BoneVRepeat,143,371,15,2,400,16,24,
0,BoneVRepeat,527,333,53,2,400,10,24,
0,BoneVRepeat,490,281,15,0,400,16,24,
0,BoneVRepeat,106,281,53,0,400,10,24,
0,BoneVRepeat,-134,281,15,0,400,16,24,
0,BoneVRepeat,767,371,15,2,400,16,24,
1.3,JMPABS,RndAttack,,,,,,,
0,:Attack4i,,,,,,,,
0,SansRandomX,,,,,,,,
0,CombatZoneResizeInstant,120,276,526,391,,,,
0,HeartMode,0,,,,,,,
0,RND,Side,2,,,,,,
0,JMPZ,Attack4Otheri,$Side,,,,,,
0,HeartTeleport,149,315,,,,,,
0,BoneVRepeat,490,371,15,0,400,16,24,
0,BoneVRepeat,106,333,53,0,400,10,24,
0,BoneVRepeat,143,281,15,2,400,16,24,
0,BoneVRepeat,527,281,53,2,400,10,24,
0,BoneVRepeat,-134,371,15,0,400,16,24,
0,BoneVRepeat,767,281,15,2,400,16,24,
0,DOGYUM,420,276,2,,,,,
1.3,JMPABS,RndAttack,,,,,,,
0,:Attack4Otheri,,,,,,,,
0,HeartTeleport,506,315,,,,,,
0,BoneVRepeat,143,371,15,2,400,16,24,
0,BoneVRepeat,527,333,53,2,400,10,24,
0,BoneVRepeat,490,281,15,0,400,16,24,
0,BoneVRepeat,106,281,53,0,400,10,24,
0,BoneVRepeat,-134,281,15,0,400,16,24,
0,BoneVRepeat,767,371,15,2,400,16,24,
0,DOGYUM,220,276,,,,,,
1.3,JMPABS,RndAttack,,,,,,,
0,:Attack5,,,,,,,,
0,SansRandomX,,,,,,,,
0,CombatZoneResizeInstant,120,251,520,391,,,,
0,HeartMode,1,,,,,,,
0,HeartTeleport,320,346,,,,,,
0,Platform2,360,305,40,0,0,,,
0,Platform2,300,354,40,0,0,,,
0,Platform2,240,305,40,0,0,,,
0,BoneVRepeat,122,364,30,2,0,25,16,
0,GasterBlaster,1,320,100,320,100,90,0.7,1
0,RND,Side,2,,,,,,
0,JMPZ,Attack5Other,$Side,,,,,,
0,BoneVRepeat,105,257,53,0,180,3,18,
0,BoneVRepeat,521,311,53,2,180,3,18,
0,BoneVRepeat,266,313,73,0,0,2,25,
0,BoneVRepeat,361,313,73,2,0,2,25,1
1.3,JMPABS,RndAttack,,,,,,,
0,:Attack5Other,,,,,,,,
0,BoneVRepeat,105,311,53,0,180,3,18,
0,BoneVRepeat,521,257,53,2,180,3,18,
0,BoneVRepeat,361,313,73,2,0,2,25,
0,BoneVRepeat,266,313,73,0,0,2,25,1
1.3,JMPABS,RndAttack,,,,,,,
0,:Attack5i,,,,,,,,
0,SansRandomX,,,,,,,,
0,CombatZoneResizeInstant,120,251,520,391,,,,
0,HeartMode,1,,,,,,,
0,HeartTeleport,320,346,,,,,,
0,Platform2,300,354,40,0,0,,,
0,BoneVRepeat,122,364,30,2,0,25,16,
0,GasterBlaster,1,320,100,320,100,90,0.7,1
0,RND,Side,2,,,,,,
0,JMPZ,Attack5iOther,$Side,,,,,,
0,BoneVRepeat,105,257,53,0,180,3,18,
0,BoneVRepeat,521,311,53,2,180,3,18,
0,DOGSleep,401,289,,,,,,
0,BoneVRepeat,361,313,73,2,0,2,25,
0,Platform2,360,305,40,0,0,,,
0,Platform2,240,328,40,0,0,,,
0,BoneVRepeat,266,336,50,0,0,2,25,1
1.3,JMPABS,RndAttack,,,,,,,
0,:Attack5iOther,,,,,,,,
0,BoneVRepeat,105,311,53,0,180,3,18,
0,BoneVRepeat,521,257,53,2,180,3,18,
0,DOGSleep,239,289,2,,,,,
0,BoneVRepeat,266,313,73,0,0,2,25,
0,Platform2,360,328,40,0,0,,,
0,Platform2,240,305,40,0,0,,,
0,BoneVRepeat,361,336,50,2,0,2,25,1
1.3,JMPABS,RndAttack,,,,,,,
0,:Attack6,,,,,,,,
0,SansRandomX,,,,,,,,
0,CombatZoneResizeInstant,240,231,400,391,,,,
0,HeartMode,0,,,,,,,
0,HeartTeleport,320,311,,,,,,
0,RND3,HU,1,90,,,,,
0,SET,Ang,$HU,,,,,,
0,SET,Loop2,4,,,,,,
0,SUB,Loop2,$Loop2,1,,,,,
0,SIN,X,$Ang,,,,,,
0,COS,Y,$Ang,,,,,,
0,MUL,X2,$X,180,,,,,
0,MUL,Y2,$Y,180,,,,,
0,MUL,X1,$X,640,,,,,
0,MUL,Y1,$Y,640,,,,,
0,GetHeartPos,HeartX,HeartY,,,,,,
0,ADD,X2,$X2,320,,,,,
0,ADD,Y2,$Y2,311,,,,,
0,ADD,X1,$X1,$HeartX,,,,,
0,ADD,Y1,$Y1,$HeartY,,,,,
0,ANGLE,Ang2,$X2,$Y2,320,311,,,
0,GasterBlaster,1,$X2,$Y2,$X2,$Y2,$Ang2,0.8,0.26666
0,ADD,Ang,$Ang,90,,,,,
0,JMPNZ,308,$Loop2,,,,,,
1.4,JMPABS,RndAttack,,,,,,,
0,:Attack6i,,,,,,,,
0,SansRandomX,,,,,,,,
0,CombatZoneResizeInstant,240,231,400,391,,,,
0,HeartMode,0,,,,,,,
0,HeartTeleport,320,311,,,,,,
0,RND3,HU,1,90,,,,,
0,SET,Ang,$HU,,,,,,
0,SET,Loop2,3,,,,,,
0,SUB,Loop2,$Loop2,1,,,,,
0,SIN,X,$Ang,,,,,,
0,COS,Y,$Ang,,,,,,
0,MUL,X2,$X,180,,,,,
0,MUL,Y2,$Y,180,,,,,
0,MUL,X1,$X,640,,,,,
0,MUL,Y1,$Y,640,,,,,
0,GetHeartPos,HeartX,HeartY,,,,,,
0,ADD,X2,$X2,320,,,,,
0,ADD,Y2,$Y2,311,,,,,
0,ADD,X1,$X1,$HeartX,,,,,
0,ADD,Y1,$Y1,$HeartY,,,,,
0,ANGLE,Ang2,$X2,$Y2,320,311,,,
0,GasterBlaster,0,$X2,$Y2,$X2,$Y2,$Ang2,1,0.26666
0,ADD,Ang,$Ang,120,,,,,
0,JMPNZ,333,$Loop2,,,,,,
0,DOG,420,332,2,300,1.5,,,
1.4,JMPABS,RndAttack,,,,,,,
0,:Attack7,,,,,,,,
0,SansRandomX,,,,,,,,
0,CombatZoneResizeInstant,245,236,395,391,,,,
0,HeartMode,0,,,,,,,
0,RND,Side,2,,,,,,
0,JMPZ,Attack7Other,$Side,,,,,,
0,HeartTeleport,320,371,,,,,,
0,RND,M1,2,,,,,,
0,ADD,M1,$M1,1,,,,,
0,JMPREL,$M1,,,,,,,
0,JMPABS,363,,,,,,,
0,JMPABS,365,,,,,,,
0,SineBones2,16,-20,300,50,39,,,
1.7,JMPABS,RndAttack,,,,,,,
0,SineBones2,16,-20,300,50,39,1,,
1.7,JMPABS,RndAttack,,,,,,,
0,:Attack7Other,,,,,,,,
0,HeartTeleport,320,256,,,,,,
0,RND,M1,2,,,,,,
0,ADD,M1,$M1,1,,,,,
0,JMPREL,$M1,,,,,,,
0,JMPABS,374,,,,,,,
0,JMPABS,376,,,,,,,
0,SineBones2,16,20,300,50,39,,,
1.7,JMPABS,RndAttack,,,,,,,
0,SineBones2,16,20,300,50,39,1,,
1.7,JMPABS,RndAttack,,,,,,,
0,:Attack7i,,,,,,,,
0,SansRandomX,,,,,,,,
0,CombatZoneResizeInstant,245,236,395,391,,,,
0,HeartMode,0,,,,,,,
0,RND,Sidei,2,,,,,,
0,JMPZ,Attack7Otheri,$Sidei,,,,,,
0,HeartTeleport,320,256,,,,,,
0,SineBones2,16,20,300,50,39,1,,
0,DOGSTI,320,182,2,0,1.5,,,
0.5,DOGJUMP,,,,,,,,
1.4,JMPABS,RndAttack,,,,,,,
0,:Attack7Otheri,,,,,,,,
0,HeartTeleport,320,256,,,,,,
0,SineBones2,16,20,300,50,39,0,,
0,DOGSTI,320,182,0,0,1.5,,,
0.5,DOGJUMP,,,,,,,,
1.4,JMPABS,RndAttack,,,,,,,
0,:Attack8,,,,,,,,
0,SansRandomX,,,,,,,,
0,CombatZoneResizeInstant,256,226,386,391,,,,
0,HeartMode,0,,,,,,,
0,RND,Side,2,,,,,,
0,JMPZ,Attack8Other,$Side,,,,,,
0,HeartTeleport,320,304,,,,,,
0,BoneH2Repeat,346,104,200,1,235,5,400,
0,BoneH2Repeat,101,500,245,3,235,5,400,
0,BoneH2Repeat,301,-96,245,1,235,5,400,
0,BoneH2Repeat,101,700,200,3,235,5,400,
1.42,JMPABS,RndAttack,,,,,,,
0,:Attack8Other,,,,,,,,
0,HeartTeleport,320,304,,,,,,
0,BoneH2Repeat,346,500,200,3,235,5,400,
0,BoneH2Repeat,101,104,245,1,235,5,400,
0,BoneH2Repeat,301,700,245,3,235,5,400,
0,BoneH2Repeat,101,-96,200,1,235,5,400,
1.42,JMPABS,RndAttack,,,,,,,
0,:Attack8i,,,,,,,,
0,SansRandomX,,,,,,,,
0,CombatZoneResizeInstant,256,226,386,391,,,,
0,HeartMode,0,,,,,,,
0,RND,Side,2,,,,,,
0,JMPZ,Attack8Otheri,$Side,,,,,,
0,HeartTeleport,320,304,,,,,,
0,BoneH2Repeat,301,104,245,1,235,5,400,
0,BoneH2Repeat,101,500,200,3,235,5,400,
0,BoneH2Repeat,346,-96,200,1,235,5,400,
0,BoneH2Repeat,101,700,245,3,235,5,400,
0,Dogsleep,250,480,3,235,,1.5,1,
1.42,JMPABS,RndAttack,,,,,,,
0,:Attack8Otheri,,,,,,,,
0,HeartTeleport,320,304,,,,,,
0,BoneH2Repeat,301,500,245,3,235,5,400,
0,BoneH2Repeat,101,104,200,1,235,5,400,
0,BoneH2Repeat,346,700,200,3,235,5,400,
0,BoneH2Repeat,101,-96,245,1,235,5,400,
0,Dogsleep,394,480,3,235,,1.5,,
1.42,JMPABS,RndAttack,,,,,,,
0,:End,,,,,,,,
0,SansX,320,,,,,,,
0,CombatZoneResizeInstant,33,251,608,391,,,,
0,EndAttack,,,,,,,,
