0,CombatZoneResize,112,231,548,391,TLResume,,,,,,,,,,,,,
0,HeartMode,1,,,,,,,,,,,,,,,,,
0,TLPause,,,,,,,,,,,,,,,,,,
0,Platforms4,,,,,,,,,,,,,,,,,,
0,Platform2,310,336,40,0,0,1,1,,,,,,,,,,,
0,HeartTeleport,330,327,,,,,,,,,,,,,,,,
0,BoneVRepeat,528,366,40,0,60,60,15,,,,,,,,,,,
,,,,,,,,,,,,,,,,,,,
0,BoneVRepeat,560,331,40,3,90,12,65,,1,,,,,,,,,
0,BoneVRepeat,650,331,40,1,120,11,90,,1,,,,,,,,,
0,BoneVRepeat,740,331,40,3,90,12,65,,1,,,,,,,,,
0,BoneVRepeat,-183,331,40,3,90,12,65,,2,,,,,,,,,
0,BoneVRepeat,-273,331,40,1,120,11,90,,2,,,,,,,,,
0,BoneVRepeat,-363,331,40,3,90,12,65,,2,,,,,,,,,
,,,,,,,,,,,,,,,,,,,
7.6,EndAttack,,,,,,,,,,,,,,,,,,
,,,,,,,,,,,,,,,,,,,
,,,,,,,,,,,,,,,,,,,
,,,,,,,,,,,,,,,,,,,
,,,,,,,,,,,,,,,,,,,
,,,,,,,,,,,,,,,,,,,
,,,,,,,,,,,,,,,,,,,
,,,,,,,,,,,,,,,,,,,
,,,,,,,,,,,,,,,,,,,
,,,,,,,,,,,,,,,,,,,
,,,,,,,,,,,,,,,,,,,
,,,,,,,,,,,,,,,,,,,
,,,,,,,,,,,0,CombatZoneResize,113,231,548,391,TLResume,,
,,,,,,,,,,,0,HeartMode,1,,,,,,
,,,,,,,,,,,0,TLPause,,,,,,,
,,,,,,,,,,,0,Platform,151,336,31,0,90,1,1
,,,,,,,,,,,0,HeartTeleport,170,327,,,,,
,,,,,,,,,,,0,BoneV2Repeat,528,366,40,0,60,60,15
,,,,,,,,,,,0,BoneV2Repeat,283,268,40,3,90,12,65
,,,,,,,,,,,0,BoneV2Repeat,363,325,40,1,120,11,90
,,,,,,,,,,,0,BoneV2Repeat,443,268,40,3,90,12,65
,,,,,,,,,,,7.8,EndAttack,,,,,,,
