0,CombatZoneResizeInstant,239,226,404,391,,,,
,,,,,,,,,
0,HeartMode,0,,,,,,,
0,SansHead,NoEyes,,,,,,,
,,,,,,,,,
0,GasterBlaster,2,640,240,499,306,180,0.666,0.26666
0,GasterBlaster,2,0,240,139,306,0,0.666,0.26666
0.8,GasterBlaster,1,0,0,189,246,0,0.666,0.26666
0,GasterBlaster,1,0,0,259,166,90,0.666,0.26666
0,GasterBlaster,1,640,480,449,366,180,0.666,0.26666
0,GasterBlaster,1,640,480,379,446,270,0.666,0.26666
0.8,GasterBlaster,1,0,0,189,176,45,0.666,0.26666
0,GasterBlaster,1,640,0,449,176,135,0.666,0.26666
0,GasterBlaster,1,640,480,449,436,225,0.666,0.26666
0,GasterBlaster,1,0,480,189,436,315,0.666,0.26666
0.8,GasterBlaster,1,0,0,189,246,0,0.666,0.26666
0,GasterBlaster,1,0,0,259,166,90,0.666,0.26666
0,GasterBlaster,1,640,480,449,366,180,0.666,0.26666
0,GasterBlaster,1,640,480,379,446,270,0.666,0.26666
1,SansBody,FasterHandUp,,,,,,,
,,,,,,,,,
0.4,Sound,GasterBlaster,1.45,,,,,,
0,SineBones2,20,24,400,50,35,,,
1.5,SansBody,FasterHandRight,,,,,,,
0,Sound,GasterBlaster,1.45,,,,,,
0.26666,SansSlam,0,,,,,,,
0.3,SansBody,FasterHandLeft,,,,,,,
0.1,BoneStab,0,54,0.16666,0.7,,13,,
0.6,HeartMode,0,,,,,,,
0,Sound,Ding,,,,,,,
2,IntroEnd,,,,,,,,
0,EndAttack,,,,,,,,
